game_id,game_date,captured_at,lookback_days,start_date,end_date,home_top3_player_ids,away_top3_player_ids,home_top3_sample_batted_balls,away_top3_sample_batted_balls,home_top3_xwoba,away_top3_xwoba,top3_xwoba_diff,home_top3_woba,away_top3_woba,top3_woba_diff,home_top3_hard_hit_rate,away_top3_hard_hit_rate,top3_hard_hit_rate_diff,home_top3_barrel_rate,away_top3_barrel_rate,top3_barrel_rate_diff,home_top3_avg_launch_speed,away_top3_avg_launch_speed,top3_avg_launch_speed_diff,home_top3_savant_available_count,away_top3_savant_available_count,savant_top3_errors
822722,2026-06-14,2026-06-14T09:44:07.674364+00:00,30,2026-05-15,2026-06-14,"695578,682928,678554","686527,806068,668227",503,367,0.3895903337519071,0.3760299079161857,0.013560425835721424,0.3895903337519071,0.3760299079161857,0.013560425835721424,0.4635737434306534,0.4466753126652613,0.016898430765392103,0.10842949737226137,0.1016701250661045,0.006759372306156877,88.75544894218976,88.60674275145429,0.1487061907354672,3,3,"Request failed for player 695578: HTTPSConnectionPool(host='baseballsavant.mlb.com', port=443): Read timed out. (read timeout=12); player 695578: MLB_STATS_PROXY_USED_AFTER_SAVANT_UNAVAILABLE season=2026; player 695578: MLB_STATS_PROXY_USED_AFTER_SAVANT_UNAVAILABLE season=2026; Request failed for player 682928: HTTPSConnectionPool(host='baseballsavant.mlb.com', port=443): Read timed out. (read timeout=12); player 682928: MLB_STATS_PROXY_USED_AFTER_SAVANT_UNAVAILABLE season=2026; player 682928: MLB_STATS_PROXY_USED_AFTER_SAVANT_UNAVAILABLE season=2026; Request failed for player 678554: HTTPSConnectionPool(host='baseballsavant.mlb.com', port=443): Read timed out. (read timeout=12); player 678554: MLB_STATS_PROXY_USED_AFTER_SAVANT_UNAVAILABLE season=2026; player 678554: MLB_STATS_PROXY_USED_AFTER_SAVANT_UNAVAILABLE season=2026; Request failed for player 686527: HTTPSConnectionPool(host='baseballsavant.mlb.com', port=443): Read timed out. (read timeout=12); player 686527: MLB_STATS_PROXY_USED_AFTER_SAVANT_UNAVAILABLE season=2026; player 686527: MLB_STATS_PROXY_USED_AFTER_SAVANT_UNAVAILABLE season=2026; Request failed for player 806068: HTTPSConnectionPool(host='baseballsavant.mlb.com', port=443): Read timed out. (read timeout=12); player 806068: MLB_STATS_PROXY_USED_AFTER_SAVANT_UNAVAILABLE season=2026; player 806068: MLB_STATS_PROXY_USED_AFTER_SAVANT_UNAVAILABLE season=2026; Request failed for player 668227: HTTPSConnectionPool(host='baseballsavant.mlb.com', port=443): Read timed out. (read timeout=12); player 668227: MLB_STATS_PROXY_USED_AFTER_SAVANT_UNAVAILABLE season=2026; player 668227: MLB_STATS_PROXY_USED_AFTER_SAVANT_UNAVAILABLE season=2026"
822801,2026-06-14,2026-06-14T09:44:07.674364+00:00,30,2026-05-15,2026-06-14,"672386,682818,660821","700250,502671,680474",259,305,0.34780245470745474,0.4063328054208401,-0.05853035071338536,0.34780245470745474,0.4063328054208401,-0.05853035071338536,0.40936913370609024,0.4886455087144969,-0.07927637500840667,0.0867476534824361,0.11845820348579875,-0.03171055000336265,88.2784483766136,88.97608047668759,-0.6976321000739887,3,3,"Request failed for player 672386: HTTPSConnectionPool(host='baseballsavant.mlb.com', port=443): Read timed out. (read timeout=12); player 672386: MLB_STATS_PROXY_USED_AFTER_SAVANT_UNAVAILABLE season=2026; player 672386: MLB_STATS_PROXY_USED_AFTER_SAVANT_UNAVAILABLE season=2026; Request failed for player 682818: HTTPSConnectionPool(host='baseballsavant.mlb.com', port=443): Read timed out. (read timeout=12); player 682818: MLB_STATS_PROXY_USED_AFTER_SAVANT_UNAVAILABLE season=2026; player 682818: MLB_STATS_PROXY_USED_AFTER_SAVANT_UNAVAILABLE season=2026; Request failed for player 660821: HTTPSConnectionPool(host='baseballsavant.mlb.com', port=443): Read timed out. (read timeout=12); player 660821: MLB_STATS_PROXY_USED_AFTER_SAVANT_UNAVAILABLE season=2026; player 660821: MLB_STATS_PROXY_USED_AFTER_SAVANT_UNAVAILABLE season=2026; Request failed for player 700250: HTTPSConnectionPool(host='baseballsavant.mlb.com', port=443): Read timed out. (read timeout=12); player 700250: MLB_STATS_PROXY_USED_AFTER_SAVANT_UNAVAILABLE season=2026; player 700250: MLB_STATS_PROXY_USED_AFTER_SAVANT_UNAVAILABLE season=2026; Request failed for player 502671: HTTPSConnectionPool(host='baseballsavant.mlb.com', port=443): Read timed out. (read timeout=12); player 502671: MLB_STATS_PROXY_USED_AFTER_SAVANT_UNAVAILABLE season=2026; player 502671: MLB_STATS_PROXY_USED_AFTER_SAVANT_UNAVAILABLE season=2026; Request failed for player 680474: HTTPSConnectionPool(host='baseballsavant.mlb.com', port=443): Read timed out. (read timeout=12); player 680474: MLB_STATS_PROXY_USED_AFTER_SAVANT_UNAVAILABLE season=2026; player 680474: MLB_STATS_PROXY_USED_AFTER_SAVANT_UNAVAILABLE season=2026"
823212,2026-06-14,2026-06-14T09:44:07.674364+00:00,30,2026-05-15,2026-06-14,"813841,805811,808982","664023,691718,624424",300,407,0.3727203751371844,0.35574953488204497,0.016970840255139452,0.3727203751371844,0.35574953488204497,0.016970840255139452,0.3958095320652398,0.4494503657715969,-0.05364083370635714,0.0813238128260959,0.10278014630863881,-0.021456333482542916,88.15912388217413,88.63116321879005,-0.47203933661592146,3,3,"Request failed for player 813841: HTTPSConnectionPool(host='baseballsavant.mlb.com', port=443): Read timed out. (read timeout=12); player 813841: MLB_STATS_PROXY_USED_AFTER_SAVANT_UNAVAILABLE season=2026; player 813841: MLB_STATS_PROXY_USED_AFTER_SAVANT_UNAVAILABLE season=2026; Request failed for player 805811: HTTPSConnectionPool(host='baseballsavant.mlb.com', port=443): Read timed out. (read timeout=12); player 805811: MLB_STATS_PROXY_USED_AFTER_SAVANT_UNAVAILABLE season=2026; player 805811: MLB_STATS_PROXY_USED_AFTER_SAVANT_UNAVAILABLE season=2026; Request failed for player 808982: HTTPSConnectionPool(host='baseballsavant.mlb.com', port=443): Read timed out. (read timeout=12); player 808982: MLB_STATS_PROXY_USED_AFTER_SAVANT_UNAVAILABLE season=2026; player 808982: MLB_STATS_PROXY_USED_AFTER_SAVANT_UNAVAILABLE season=2026; Request failed for player 664023: HTTPSConnectionPool(host='baseballsavant.mlb.com', port=443): Read timed out. (read timeout=12); player 664023: MLB_STATS_PROXY_USED_AFTER_SAVANT_UNAVAILABLE season=2026; player 664023: MLB_STATS_PROXY_USED_AFTER_SAVANT_UNAVAILABLE season=2026; Request failed for player 691718: HTTPSConnectionPool(host='baseballsavant.mlb.com', port=443): Read timed out. (read timeout=12); player 691718: MLB_STATS_PROXY_USED_AFTER_SAVANT_UNAVAILABLE season=2026; player 691718: MLB_STATS_PROXY_USED_AFTER_SAVANT_UNAVAILABLE season=2026; Request failed for player 624424: HTTPSConnectionPool(host='baseballsavant.mlb.com', port=443): Read timed out. (read timeout=12); player 624424: MLB_STATS_PROXY_USED_AFTER_SAVANT_UNAVAILABLE season=2026; player 624424: MLB_STATS_PROXY_USED_AFTER_SAVANT_UNAVAILABLE season=2026"
823368,2026-06-14,2026-06-14T09:44:07.674364+00:00,30,2026-05-15,2026-06-14,"682997,664040,687462","672640,689414,669364",373,661,0.3769250334254404,0.36724550395533756,0.009679529470102866,0.3769250334254404,0.36724550395533756,0.009679529470102866,0.45380153874570145,0.40190607125733446,0.051895467488366986,0.10564662086021086,0.08376242850293378,0.02188419235727708,88.68296560530534,88.21277342706456,0.4701921782407794,3,3,"Request failed for player 682997: HTTPSConnectionPool(host='baseballsavant.mlb.com', port=443): Read timed out. (read timeout=12); player 682997: MLB_STATS_PROXY_USED_AFTER_SAVANT_UNAVAILABLE season=2026; player 682997: MLB_STATS_PROXY_USED_AFTER_SAVANT_UNAVAILABLE season=2026; Request failed for player 664040: HTTPSConnectionPool(host='baseballsavant.mlb.com', port=443): Read timed out. (read timeout=12); player 664040: MLB_STATS_PROXY_USED_AFTER_SAVANT_UNAVAILABLE season=2026; player 664040: MLB_STATS_PROXY_USED_AFTER_SAVANT_UNAVAILABLE season=2026; Request failed for player 687462: HTTPSConnectionPool(host='baseballsavant.mlb.com', port=443): Read timed out. (read timeout=12); player 687462: MLB_STATS_PROXY_USED_AFTER_SAVANT_UNAVAILABLE season=2026; player 687462: MLB_STATS_PROXY_USED_AFTER_SAVANT_UNAVAILABLE season=2026; Request failed for player 672640: HTTPSConnectionPool(host='baseballsavant.mlb.com', port=443): Read timed out. (read timeout=12); player 672640: MLB_STATS_PROXY_USED_AFTER_SAVANT_UNAVAILABLE season=2026; player 672640: MLB_STATS_PROXY_USED_AFTER_SAVANT_UNAVAILABLE season=2026; Request failed for player 689414: HTTPSConnectionPool(host='baseballsavant.mlb.com', port=443): Read timed out. (read timeout=12); player 689414: MLB_STATS_PROXY_USED_AFTER_SAVANT_UNAVAILABLE season=2026; player 689414: MLB_STATS_PROXY_USED_AFTER_SAVANT_UNAVAILABLE season=2026; Request failed for player 669364: HTTPSConnectionPool(host='baseballsavant.mlb.com', port=443): Read timed out. (read timeout=12); player 669364: MLB_STATS_PROXY_USED_AFTER_SAVANT_UNAVAILABLE season=2026; player 669364: MLB_STATS_PROXY_USED_AFTER_SAVANT_UNAVAILABLE season=2026"
823615,2026-06-14,2026-06-14T09:44:07.674364+00:00,30,2026-05-15,2026-06-14,"676572,665742,676724","621566,671739,622761",222,456,0.39370602745602745,0.37385784998067423,0.019848177475353224,0.39370602745602745,0.37385784998067423,0.019848177475353224,0.4766948661825423,0.46129370833036165,0.015401157852180658,0.11408470322977367,0.10751748333214464,0.006567219897629026,88.87579590348744,88.73538463330718,0.140411270180266,3,3,"Request failed for player 676572: HTTPSConnectionPool(host='baseballsavant.mlb.com', port=443): Read timed out. (read timeout=12); player 676572: MLB_STATS_PROXY_USED_AFTER_SAVANT_UNAVAILABLE season=2026; player 676572: MLB_STATS_PROXY_USED_AFTER_SAVANT_UNAVAILABLE season=2026; Request failed for player 665742: HTTPSConnectionPool(host='baseballsavant.mlb.com', port=443): Read timed out. (read timeout=12); player 665742: MLB_STATS_PROXY_USED_AFTER_SAVANT_UNAVAILABLE season=2026; player 665742: MLB_STATS_PROXY_USED_AFTER_SAVANT_UNAVAILABLE season=2026; Request failed for player 676724: HTTPSConnectionPool(host='baseballsavant.mlb.com', port=443): Read timed out. (read timeout=12); player 676724: MLB_STATS_PROXY_USED_AFTER_SAVANT_UNAVAILABLE season=2026; player 676724: MLB_STATS_PROXY_USED_AFTER_SAVANT_UNAVAILABLE season=2026; Request failed for player 621566: HTTPSConnectionPool(host='baseballsavant.mlb.com', port=443): Read timed out. (read timeout=12); player 621566: MLB_STATS_PROXY_USED_AFTER_SAVANT_UNAVAILABLE season=2026; player 621566: MLB_STATS_PROXY_USED_AFTER_SAVANT_UNAVAILABLE season=2026; Request failed for player 671739: HTTPSConnectionPool(host='baseballsavant.mlb.com', port=443): Read timed out. (read timeout=12); player 671739: MLB_STATS_PROXY_USED_AFTER_SAVANT_UNAVAILABLE season=2026; player 671739: MLB_STATS_PROXY_USED_AFTER_SAVANT_UNAVAILABLE season=2026; Request failed for player 622761: HTTPSConnectionPool(host='baseballsavant.mlb.com', port=443): Read timed out. (read timeout=12); player 622761: MLB_STATS_PROXY_USED_AFTER_SAVANT_UNAVAILABLE season=2026; player 622761: MLB_STATS_PROXY_USED_AFTER_SAVANT_UNAVAILABLE season=2026"
823693,2026-06-14,2026-06-14T09:44:07.674364+00:00,30,2026-05-15,2026-06-14,"621439,665019,668952","691458,676369,691023",375,218,0.3678963295751117,0.4064927190520028,-0.03859638947689109,0.3678963295751117,0.4064927190520028,-0.03859638947689109,0.486179938697318,0.4810489490819031,0.005130989615414916,0.1174719754789272,0.11665811174285295,0.0008138637360742412,88.95438346053639,88.92409313724184,0.030290323294551058,3,3,"Request failed for player 621439: HTTPSConnectionPool(host='baseballsavant.mlb.com', port=443): Read timed out. (read timeout=12); player 621439: MLB_STATS_PROXY_USED_AFTER_SAVANT_UNAVAILABLE season=2026; player 621439: MLB_STATS_PROXY_USED_AFTER_SAVANT_UNAVAILABLE season=2026; Request failed for player 665019: HTTPSConnectionPool(host='baseballsavant.mlb.com', port=443): Read timed out. (read timeout=12); player 665019: MLB_STATS_PROXY_USED_AFTER_SAVANT_UNAVAILABLE season=2026; player 665019: MLB_STATS_PROXY_USED_AFTER_SAVANT_UNAVAILABLE season=2026; Request failed for player 668952: HTTPSConnectionPool(host='baseballsavant.mlb.com', port=443): Read timed out. (read timeout=12); player 668952: MLB_STATS_PROXY_USED_AFTER_SAVANT_UNAVAILABLE season=2026; player 668952: MLB_STATS_PROXY_USED_AFTER_SAVANT_UNAVAILABLE season=2026; Request failed for player 691458: HTTPSConnectionPool(host='baseballsavant.mlb.com', port=443): Read timed out. (read timeout=12); player 691458: MLB_STATS_PROXY_USED_AFTER_SAVANT_UNAVAILABLE season=2026; player 691458: MLB_STATS_PROXY_USED_AFTER_SAVANT_UNAVAILABLE season=2026; Request failed for player 676369: HTTPSConnectionPool(host='baseballsavant.mlb.com', port=443): Read timed out. (read timeout=12); player 676369: MLB_STATS_PROXY_USED_AFTER_SAVANT_UNAVAILABLE season=2026; player 676369: MLB_STATS_PROXY_USED_AFTER_SAVANT_UNAVAILABLE season=2026; Request failed for player 691023: HTTPSConnectionPool(host='baseballsavant.mlb.com', port=443): Read timed out. (read timeout=12); player 691023: MLB_STATS_PROXY_USED_AFTER_SAVANT_UNAVAILABLE season=2026; player 691023: MLB_STATS_PROXY_USED_AFTER_SAVANT_UNAVAILABLE season=2026"
823777,2026-06-14,2026-06-14T09:44:07.674364+00:00,30,2026-05-15,2026-06-14,"683734,694192,641343","656941,547180,669016",343,511,0.4019784165794222,0.3843607660956262,0.017617650483795988,0.4019784165794222,0.3843607660956262,0.017617650483795988,0.4496392076535969,0.46289268934266714,-0.013253481689070257,0.10285568306143875,0.10815707573706684,-0.005301392675628097,88.63282502735164,88.74945566621547,-0.11663063886382474,3,3,"Request failed for player 683734: HTTPSConnectionPool(host='baseballsavant.mlb.com', port=443): Read timed out. (read timeout=12); player 683734: MLB_STATS_PROXY_USED_AFTER_SAVANT_UNAVAILABLE season=2026; player 683734: MLB_STATS_PROXY_USED_AFTER_SAVANT_UNAVAILABLE season=2026; Request failed for player 694192: HTTPSConnectionPool(host='baseballsavant.mlb.com', port=443): Read timed out. (read timeout=12); player 694192: MLB_STATS_PROXY_USED_AFTER_SAVANT_UNAVAILABLE season=2026; player 694192: MLB_STATS_PROXY_USED_AFTER_SAVANT_UNAVAILABLE season=2026; Request failed for player 641343: HTTPSConnectionPool(host='baseballsavant.mlb.com', port=443): Read timed out. (read timeout=12); player 641343: MLB_STATS_PROXY_USED_AFTER_SAVANT_UNAVAILABLE season=2026; player 641343: MLB_STATS_PROXY_USED_AFTER_SAVANT_UNAVAILABLE season=2026; Request failed for player 656941: HTTPSConnectionPool(host='baseballsavant.mlb.com', port=443): Read timed out. (read timeout=12); player 656941: MLB_STATS_PROXY_USED_AFTER_SAVANT_UNAVAILABLE season=2026; player 656941: MLB_STATS_PROXY_USED_AFTER_SAVANT_UNAVAILABLE season=2026; Request failed for player 547180: HTTPSConnectionPool(host='baseballsavant.mlb.com', port=443): Read timed out. (read timeout=12); player 547180: MLB_STATS_PROXY_USED_AFTER_SAVANT_UNAVAILABLE season=2026; player 547180: MLB_STATS_PROXY_USED_AFTER_SAVANT_UNAVAILABLE season=2026; Request failed for player 669016: HTTPSConnectionPool(host='baseballsavant.mlb.com', port=443): Read timed out. (read timeout=12); player 669016: MLB_STATS_PROXY_USED_AFTER_SAVANT_UNAVAILABLE season=2026; player 669016: MLB_STATS_PROXY_USED_AFTER_SAVANT_UNAVAILABLE season=2026"
824021,2026-06-14,2026-06-14T09:44:07.674364+00:00,30,2026-05-15,2026-06-14,"642350,685133,663611","650490,691406,666018",109,584,0.39710589977955646,0.3819897252714231,0.015116174508133351,0.39710589977955646,0.3819897252714231,0.015116174508133351,0.40435349373065127,0.42690097952167233,-0.02254748579102106,0.0847413974922605,0.09376039180866892,-0.009018994316408416,88.23431074482973,88.43272861979071,-0.19841787496098107,3,3,"Request failed for player 642350: HTTPSConnectionPool(host='baseballsavant.mlb.com', port=443): Read timed out. (read timeout=12); player 642350: MLB_STATS_PROXY_USED_AFTER_SAVANT_UNAVAILABLE season=2026; player 642350: MLB_STATS_PROXY_USED_AFTER_SAVANT_UNAVAILABLE season=2026; Request failed for player 685133: HTTPSConnectionPool(host='baseballsavant.mlb.com', port=443): Read timed out. (read timeout=12); player 685133: MLB_STATS_PROXY_USED_AFTER_SAVANT_UNAVAILABLE season=2026; player 685133: MLB_STATS_PROXY_USED_AFTER_SAVANT_UNAVAILABLE season=2026; Request failed for player 663611: HTTPSConnectionPool(host='baseballsavant.mlb.com', port=443): Read timed out. (read timeout=12); player 663611: MLB_STATS_PROXY_USED_AFTER_SAVANT_UNAVAILABLE season=2026; player 663611: MLB_STATS_PROXY_USED_AFTER_SAVANT_UNAVAILABLE season=2026; Request failed for player 650490: HTTPSConnectionPool(host='baseballsavant.mlb.com', port=443): Read timed out. (read timeout=12); player 650490: MLB_STATS_PROXY_USED_AFTER_SAVANT_UNAVAILABLE season=2026; player 650490: MLB_STATS_PROXY_USED_AFTER_SAVANT_UNAVAILABLE season=2026; Request failed for player 691406: HTTPSConnectionPool(host='baseballsavant.mlb.com', port=443): Read timed out. (read timeout=12); player 691406: MLB_STATS_PROXY_USED_AFTER_SAVANT_UNAVAILABLE season=2026; player 691406: MLB_STATS_PROXY_USED_AFTER_SAVANT_UNAVAILABLE season=2026; Request failed for player 666018: HTTPSConnectionPool(host='baseballsavant.mlb.com', port=443): Read timed out. (read timeout=12); player 666018: MLB_STATS_PROXY_USED_AFTER_SAVANT_UNAVAILABLE season=2026; player 666018: MLB_STATS_PROXY_USED_AFTER_SAVANT_UNAVAILABLE season=2026"
824099,2026-06-14,2026-06-14T09:44:07.674364+00:00,30,2026-05-15,2026-06-14,"670224,677951,695506","670541,572233,665161",378,516,0.3542343116268589,0.3947450985335463,-0.04051078690668736,0.3542343116268589,0.3947450985335463,-0.04051078690668736,0.40592112252565,0.47418833904997376,-0.06826721652432377,0.08536844901026,0.11267533561998949,-0.02730688660972949,88.24810587822573,88.84885738363977,-0.6007515054140384,3,3,"Request failed for player 670224: HTTPSConnectionPool(host='baseballsavant.mlb.com', port=443): Read timed out. (read timeout=12); player 670224: MLB_STATS_PROXY_USED_AFTER_SAVANT_UNAVAILABLE season=2026; player 670224: MLB_STATS_PROXY_USED_AFTER_SAVANT_UNAVAILABLE season=2026; Request failed for player 677951: HTTPSConnectionPool(host='baseballsavant.mlb.com', port=443): Read timed out. (read timeout=12); player 677951: MLB_STATS_PROXY_USED_AFTER_SAVANT_UNAVAILABLE season=2026; player 677951: MLB_STATS_PROXY_USED_AFTER_SAVANT_UNAVAILABLE season=2026; Request failed for player 695506: HTTPSConnectionPool(host='baseballsavant.mlb.com', port=443): Read timed out. (read timeout=12); player 695506: MLB_STATS_PROXY_USED_AFTER_SAVANT_UNAVAILABLE season=2026; player 695506: MLB_STATS_PROXY_USED_AFTER_SAVANT_UNAVAILABLE season=2026; Request failed for player 670541: HTTPSConnectionPool(host='baseballsavant.mlb.com', port=443): Read timed out. (read timeout=12); player 670541: MLB_STATS_PROXY_USED_AFTER_SAVANT_UNAVAILABLE season=2026; player 670541: MLB_STATS_PROXY_USED_AFTER_SAVANT_UNAVAILABLE season=2026; Request failed for player 572233: HTTPSConnectionPool(host='baseballsavant.mlb.com', port=443): Read timed out. (read timeout=12); player 572233: MLB_STATS_PROXY_USED_AFTER_SAVANT_UNAVAILABLE season=2026; player 572233: MLB_STATS_PROXY_USED_AFTER_SAVANT_UNAVAILABLE season=2026; Request failed for player 665161: HTTPSConnectionPool(host='baseballsavant.mlb.com', port=443): Read timed out. (read timeout=12); player 665161: MLB_STATS_PROXY_USED_AFTER_SAVANT_UNAVAILABLE season=2026; player 665161: MLB_STATS_PROXY_USED_AFTER_SAVANT_UNAVAILABLE season=2026"
824424,2026-06-14,2026-06-14T09:44:07.674364+00:00,30,2026-05-15,2026-06-14,"608070,677587,656413","693307,682985,681481",418,439,0.3355515251027571,0.3660311950053849,-0.030479669902627793,0.3355515251027571,0.3660311950053849,-0.030479669902627793,0.3947901348974227,0.4466236315414678,-0.051833496644045074,0.08091605395896907,0.10164945261658712,-0.020733398657618043,88.15015318709732,88.60628795756492,-0.45613477046759954,3,3,"Request failed for player 608070: HTTPSConnectionPool(host='baseballsavant.mlb.com', port=443): Read timed out. (read timeout=12); player 608070: MLB_STATS_PROXY_USED_AFTER_SAVANT_UNAVAILABLE season=2026; player 608070: MLB_STATS_PROXY_USED_AFTER_SAVANT_UNAVAILABLE season=2026; Request failed for player 677587: HTTPSConnectionPool(host='baseballsavant.mlb.com', port=443): Read timed out. (read timeout=12); player 677587: MLB_STATS_PROXY_USED_AFTER_SAVANT_UNAVAILABLE season=2026; player 677587: MLB_STATS_PROXY_USED_AFTER_SAVANT_UNAVAILABLE season=2026; Request failed for player 656413: HTTPSConnectionPool(host='baseballsavant.mlb.com', port=443): Read timed out. (read timeout=12); player 656413: MLB_STATS_PROXY_USED_AFTER_SAVANT_UNAVAILABLE season=2026; player 656413: MLB_STATS_PROXY_USED_AFTER_SAVANT_UNAVAILABLE season=2026; Request failed for player 693307: HTTPSConnectionPool(host='baseballsavant.mlb.com', port=443): Read timed out. (read timeout=12); player 693307: MLB_STATS_PROXY_USED_AFTER_SAVANT_UNAVAILABLE season=2026; player 693307: MLB_STATS_PROXY_USED_AFTER_SAVANT_UNAVAILABLE season=2026; Request failed for player 682985: HTTPSConnectionPool(host='baseballsavant.mlb.com', port=443): Read timed out. (read timeout=12); player 682985: MLB_STATS_PROXY_USED_AFTER_SAVANT_UNAVAILABLE season=2026; player 682985: MLB_STATS_PROXY_USED_AFTER_SAVANT_UNAVAILABLE season=2026; Request failed for player 681481: HTTPSConnectionPool(host='baseballsavant.mlb.com', port=443): Read timed out. (read timeout=12); player 681481: MLB_STATS_PROXY_USED_AFTER_SAVANT_UNAVAILABLE season=2026; player 681481: MLB_STATS_PROXY_USED_AFTER_SAVANT_UNAVAILABLE season=2026"
824506,2026-06-14,2026-06-14T09:44:07.674364+00:00,30,2026-05-15,2026-06-14,"668709,663993,701398","691783,682998,672515",429,322,0.3641803659431612,0.3798008344282161,-0.015620468485054884,0.3641803659431612,0.3798008344282161,-0.015620468485054884,0.4573639200090813,0.450760486408002,0.006603433601079345,0.10594556800363251,0.10330419456320077,0.002641373440431749,88.70080249607993,88.6426922803904,0.058110215689524125,3,3,"Request failed for player 668709: HTTPSConnectionPool(host='baseballsavant.mlb.com', port=443): Read timed out. (read timeout=12); player 668709: MLB_STATS_PROXY_USED_AFTER_SAVANT_UNAVAILABLE season=2026; player 668709: MLB_STATS_PROXY_USED_AFTER_SAVANT_UNAVAILABLE season=2026; Request failed for player 663993: HTTPSConnectionPool(host='baseballsavant.mlb.com', port=443): Read timed out. (read timeout=12); player 663993: MLB_STATS_PROXY_USED_AFTER_SAVANT_UNAVAILABLE season=2026; player 663993: MLB_STATS_PROXY_USED_AFTER_SAVANT_UNAVAILABLE season=2026; Request failed for player 701398: HTTPSConnectionPool(host='baseballsavant.mlb.com', port=443): Read timed out. (read timeout=12); player 701398: MLB_STATS_PROXY_USED_AFTER_SAVANT_UNAVAILABLE season=2026; player 701398: MLB_STATS_PROXY_USED_AFTER_SAVANT_UNAVAILABLE season=2026; Request failed for player 691783: HTTPSConnectionPool(host='baseballsavant.mlb.com', port=443): Read timed out. (read timeout=12); player 691783: MLB_STATS_PROXY_USED_AFTER_SAVANT_UNAVAILABLE season=2026; player 691783: MLB_STATS_PROXY_USED_AFTER_SAVANT_UNAVAILABLE season=2026; Request failed for player 682998: HTTPSConnectionPool(host='baseballsavant.mlb.com', port=443): Read timed out. (read timeout=12); player 682998: MLB_STATS_PROXY_USED_AFTER_SAVANT_UNAVAILABLE season=2026; player 682998: MLB_STATS_PROXY_USED_AFTER_SAVANT_UNAVAILABLE season=2026; Request failed for player 672515: HTTPSConnectionPool(host='baseballsavant.mlb.com', port=443): Read timed out. (read timeout=12); player 672515: MLB_STATS_PROXY_USED_AFTER_SAVANT_UNAVAILABLE season=2026; player 672515: MLB_STATS_PROXY_USED_AFTER_SAVANT_UNAVAILABLE season=2026"
824586,2026-06-14,2026-06-14T09:44:07.674364+00:00,30,2026-05-15,2026-06-14,"695731,678246,545341","660271,571970,687221",276,415,0.3759044876822423,0.4061085349059758,-0.030204047223733488,0.3759044876822423,0.4061085349059758,-0.030204047223733488,0.47245150535010383,0.47217929362964395,0.0002722117204598806,0.11198060214004152,0.11187171745185753,0.00010888468818398556,88.8335732470809,88.83117778394087,0.0023954631400329163,3,3,"Request failed for player 695731: HTTPSConnectionPool(host='baseballsavant.mlb.com', port=443): Read timed out. (read timeout=12); player 695731: MLB_STATS_PROXY_USED_AFTER_SAVANT_UNAVAILABLE season=2026; player 695731: MLB_STATS_PROXY_USED_AFTER_SAVANT_UNAVAILABLE season=2026; Request failed for player 678246: HTTPSConnectionPool(host='baseballsavant.mlb.com', port=443): Read timed out. (read timeout=12); player 678246: MLB_STATS_PROXY_USED_AFTER_SAVANT_UNAVAILABLE season=2026; player 678246: MLB_STATS_PROXY_USED_AFTER_SAVANT_UNAVAILABLE season=2026; Request failed for player 545341: HTTPSConnectionPool(host='baseballsavant.mlb.com', port=443): Read timed out. (read timeout=12); player 545341: MLB_STATS_PROXY_USED_AFTER_SAVANT_UNAVAILABLE season=2026; player 545341: MLB_STATS_PROXY_USED_AFTER_SAVANT_UNAVAILABLE season=2026; Request failed for player 660271: HTTPSConnectionPool(host='baseballsavant.mlb.com', port=443): Read timed out. (read timeout=12); player 660271: MLB_STATS_PROXY_USED_AFTER_SAVANT_UNAVAILABLE season=2026; player 660271: MLB_STATS_PROXY_USED_AFTER_SAVANT_UNAVAILABLE season=2026; Request failed for player 571970: HTTPSConnectionPool(host='baseballsavant.mlb.com', port=443): Read timed out. (read timeout=12); player 571970: MLB_STATS_PROXY_USED_AFTER_SAVANT_UNAVAILABLE season=2026; player 571970: MLB_STATS_PROXY_USED_AFTER_SAVANT_UNAVAILABLE season=2026; Request failed for player 687221: HTTPSConnectionPool(host='baseballsavant.mlb.com', port=443): Read timed out. (read timeout=12); player 687221: MLB_STATS_PROXY_USED_AFTER_SAVANT_UNAVAILABLE season=2026; player 687221: MLB_STATS_PROXY_USED_AFTER_SAVANT_UNAVAILABLE season=2026"
824751,2026-06-14,2026-06-14T09:44:07.674364+00:00,30,2026-05-15,2026-06-14,"575929,678882,677800","553869,673962,592626",551,367,0.3631087324243173,0.35709032505161525,0.006018407372702039,0.3631087324243173,0.35709032505161525,0.006018407372702039,0.4198974304480998,0.41611331241790334,0.0037841180301964594,0.09095897217923991,0.08944532496716132,0.0015136472120785976,88.37109738794328,88.33779714927756,0.033300238665717075,3,3,"Request failed for player 575929: HTTPSConnectionPool(host='baseballsavant.mlb.com', port=443): Read timed out. (read timeout=12); player 575929: MLB_STATS_PROXY_USED_AFTER_SAVANT_UNAVAILABLE season=2026; player 575929: MLB_STATS_PROXY_USED_AFTER_SAVANT_UNAVAILABLE season=2026; Request failed for player 678882: HTTPSConnectionPool(host='baseballsavant.mlb.com', port=443): Read timed out. (read timeout=12); player 678882: MLB_STATS_PROXY_USED_AFTER_SAVANT_UNAVAILABLE season=2026; player 678882: MLB_STATS_PROXY_USED_AFTER_SAVANT_UNAVAILABLE season=2026; Request failed for player 677800: HTTPSConnectionPool(host='baseballsavant.mlb.com', port=443): Read timed out. (read timeout=12); player 677800: MLB_STATS_PROXY_USED_AFTER_SAVANT_UNAVAILABLE season=2026; player 677800: MLB_STATS_PROXY_USED_AFTER_SAVANT_UNAVAILABLE season=2026; Request failed for player 553869: HTTPSConnectionPool(host='baseballsavant.mlb.com', port=443): Read timed out. (read timeout=12); player 553869: MLB_STATS_PROXY_USED_AFTER_SAVANT_UNAVAILABLE season=2026; player 553869: MLB_STATS_PROXY_USED_AFTER_SAVANT_UNAVAILABLE season=2026; Request failed for player 673962: HTTPSConnectionPool(host='baseballsavant.mlb.com', port=443): Read timed out. (read timeout=12); player 673962: MLB_STATS_PROXY_USED_AFTER_SAVANT_UNAVAILABLE season=2026; player 673962: MLB_STATS_PROXY_USED_AFTER_SAVANT_UNAVAILABLE season=2026; Request failed for player 592626: HTTPSConnectionPool(host='baseballsavant.mlb.com', port=443): Read timed out. (read timeout=12); player 592626: MLB_STATS_PROXY_USED_AFTER_SAVANT_UNAVAILABLE season=2026; player 592626: MLB_STATS_PROXY_USED_AFTER_SAVANT_UNAVAILABLE season=2026"
824823,2026-06-14,2026-06-14T09:44:07.674364+00:00,30,2026-05-15,2026-06-14,"668939,624413,694212","695238,669392,669256",496,24,0.35425627542159555,0.4524537037037037,-0.09819742828210815,0.35425627542159555,0.4524537037037037,-0.09819742828210815,0.44527806076651544,0.3869375000000001,0.05834056076651534,0.10111122430660618,0.07777500000000001,0.023336224306606174,88.59444693474535,88.08105,0.5133969347453444,3,3,"Request failed for player 668939: HTTPSConnectionPool(host='baseballsavant.mlb.com', port=443): Read timed out. (read timeout=12); player 668939: MLB_STATS_PROXY_USED_AFTER_SAVANT_UNAVAILABLE season=2026; player 668939: MLB_STATS_PROXY_USED_AFTER_SAVANT_UNAVAILABLE season=2026; Request failed for player 624413: HTTPSConnectionPool(host='baseballsavant.mlb.com', port=443): Read timed out. (read timeout=12); player 624413: MLB_STATS_PROXY_USED_AFTER_SAVANT_UNAVAILABLE season=2026; player 624413: MLB_STATS_PROXY_USED_AFTER_SAVANT_UNAVAILABLE season=2026; Request failed for player 694212: HTTPSConnectionPool(host='baseballsavant.mlb.com', port=443): Read timed out. (read timeout=12); player 694212: MLB_STATS_PROXY_USED_AFTER_SAVANT_UNAVAILABLE season=2026; player 694212: MLB_STATS_PROXY_USED_AFTER_SAVANT_UNAVAILABLE season=2026; Request failed for player 695238: HTTPSConnectionPool(host='baseballsavant.mlb.com', port=443): Read timed out. (read timeout=12); player 695238: MLB_STATS_PROXY_USED_AFTER_SAVANT_UNAVAILABLE season=2026; player 695238: MLB_STATS_PROXY_USED_AFTER_SAVANT_UNAVAILABLE season=2026; Request failed for player 669392: HTTPSConnectionPool(host='baseballsavant.mlb.com', port=443): Read timed out. (read timeout=12); player 669392: MLB_STATS_PROXY_USED_AFTER_SAVANT_UNAVAILABLE season=2026; player 669392: MLB_STATS_PROXY_USED_AFTER_SAVANT_UNAVAILABLE season=2026; Request failed for player 669256: HTTPSConnectionPool(host='baseballsavant.mlb.com', port=443): Read timed out. (read timeout=12); player 669256: MLB_STATS_PROXY_USED_AFTER_SAVANT_UNAVAILABLE season=2026; player 669256: MLB_STATS_PROXY_USED_AFTER_SAVANT_UNAVAILABLE season=2026"
824994,2026-06-14,2026-06-14T09:44:07.674364+00:00,30,2026-05-15,2026-06-14,"701762,669127,666126","694249,696100,681198",511,362,0.3966166650295808,0.3551431070476774,0.04147355798190344,0.3966166650295808,0.3551431070476774,0.04147355798190344,0.4554079409780551,0.4430454720098114,0.012362468968243667,0.10516317639122201,0.10046733099642235,0.004695845394799655,88.68358988060687,88.57778985999633,0.10580002061054472,3,3,"Request failed for player 701762: HTTPSConnectionPool(host='baseballsavant.mlb.com', port=443): Read timed out. (read timeout=12); player 701762: MLB_STATS_PROXY_USED_AFTER_SAVANT_UNAVAILABLE season=2026; player 701762: MLB_STATS_PROXY_USED_AFTER_SAVANT_UNAVAILABLE season=2026; Request failed for player 669127: HTTPSConnectionPool(host='baseballsavant.mlb.com', port=443): Read timed out. (read timeout=12); player 669127: MLB_STATS_PROXY_USED_AFTER_SAVANT_UNAVAILABLE season=2026; player 669127: MLB_STATS_PROXY_USED_AFTER_SAVANT_UNAVAILABLE season=2026; Request failed for player 666126: HTTPSConnectionPool(host='baseballsavant.mlb.com', port=443): Read timed out. (read timeout=12); player 666126: MLB_STATS_PROXY_USED_AFTER_SAVANT_UNAVAILABLE season=2026; player 666126: MLB_STATS_PROXY_USED_AFTER_SAVANT_UNAVAILABLE season=2026; Request failed for player 694249: HTTPSConnectionPool(host='baseballsavant.mlb.com', port=443): Read timed out. (read timeout=12); player 694249: MLB_STATS_PROXY_USED_AFTER_SAVANT_UNAVAILABLE season=2026; player 694249: MLB_STATS_PROXY_USED_AFTER_SAVANT_UNAVAILABLE season=2026; Request failed for player 696100: HTTPSConnectionPool(host='baseballsavant.mlb.com', port=443): Read timed out. (read timeout=12); player 696100: MLB_STATS_PROXY_USED_AFTER_SAVANT_UNAVAILABLE season=2026; player 696100: MLB_STATS_PROXY_USED_AFTER_SAVANT_UNAVAILABLE season=2026; Request failed for player 681198: HTTPSConnectionPool(host='baseballsavant.mlb.com', port=443): Read timed out. (read timeout=12); player 681198: MLB_STATS_PROXY_USED_AFTER_SAVANT_UNAVAILABLE season=2026; player 681198: MLB_STATS_PROXY_USED_AFTER_SAVANT_UNAVAILABLE season=2026"
